회사명,EPS증가율평균,PER,ROE평균,PBR,BPS,latest_eps,52주베타값
AJ네트웍스,50.65613464057477,6.95,5.27,0.49,9555.0,241.0,0.55
AK홀딩스,227.41561593823084,12.6,3.0725,0.28,45450.0,663.0,0.36
BGF,83.1031811138456,3.64,4.725,0.2,18080.0,550.0,0.47
BGF리테일,43.335501669683914,10.41,18.665,1.72,66812.0,4042.0,-0.33
BNK금융지주,515.7842940040349,4.23,6.477499999999999,0.27,33524.0,662.0,0.35
BYC,70.20453425913486,13.98,4.119999999999999,0.5,65060.0,606.0,0.87
BYC우,70.20453425913486,13.98,4.119999999999999,0.5,65060.0,606.0,0.87
CJ,28.704607711975427,33.29,4.6725,0.76,156390.0,-4684.0,1.03
CJ CGV,34.98367261343039,-10.84,-16.17,0.97,5933.0,25.0,0.37
CJ4우(전환),28.704607711975427,33.29,4.6725,0.76,156390.0,-4684.0,1.03
CJ대한통운,-7.540920250472346,9.21,6.3575,0.53,177291.0,2403.0,0.31
CJ씨푸드,849.0350877192982,18.05,,1.51,2297.0,56.0,0.45
CJ씨푸드1우,849.0350877192982,18.05,,1.51,2297.0,56.0,0.45
CJ우,28.704607711975427,33.29,4.6725,0.76,156390.0,-4684.0,1.03
CJ제일제당,16.90599650318049,10.79,6.305,0.64,472361.0,9718.0,0.59
CJ제일제당 우,16.90599650318049,10.79,6.305,0.64,472361.0,9718.0,0.59
CR홀딩스,48.53915705801213,160.93,0.1399999999999999,0.4,14195.0,47.0,0.56
CS홀딩스,-3.446792187088582,3.76,7.12,0.24,286374.0,3475.0,0.28
DB,186.7562684635855,4.36,7.6625,0.72,2020.0,304.0,0.62
DB금융투자,49.206730495047026,8.87,1.7000000000000002,0.22,25403.0,158.0,0.08
DB손해보험,19.22850606222858,3.98,18.567500000000003,0.69,163057.0,6707.0,1.32
DB하이텍,12.21793441492367,7.66,13.6425,0.88,46025.0,1597.0,1.38
DGB금융지주,168.5262628722887,6.34,4.98,0.22,36001.0,607.0,0.54
DI동일,538.9800381392257,144.41,1.0125,1.22,30112.0,-99.0,0.16
DL,17192.628879478885,15.7,-1.2866666666666668,0.26,171215.0,518.0,1.42
DL우,17192.628879478885,15.7,-1.2866666666666668,0.26,171215.0,518.0,1.42
DL이앤씨,236.5293943018029,11.05,3.0625,0.26,113230.0,1055.0,0.57
DL이앤씨2우(전환),236.5293943018029,11.05,3.0625,0.26,113230.0,1055.0,0.57
DL이앤씨우,236.5293943018029,11.05,3.0625,0.26,113230.0,1055.0,0.57
DN오토모티브,-5.579262043440861,3.45,25.097499999999997,0.73,28017.0,942.0,-0.25
DRB동일,33.442772483548396,-40.11,1.8875,0.23,20095.0,-115.0,0.68
DSR,12.851647348065685,4.14,7.862500000000001,0.28,14214.0,202.0,0.68
DSR제강,-222.14373400696047,-1.9,-5.6625000000000005,0.34,11128.0,142.0,0.75
DS단석,-88.93235650797415,62.01,3.05,1.61,15958.0,-158.0,-0.1
E1,860.3878712576657,4.32,8.895000000000001,0.26,297410.0,3093.0,0.63
ESR켄달스퀘어리츠,,,,,,,0.5
F&F,-5.237684473204185,7.39,33.0525,1.78,38537.0,2180.0,1.05
F&F홀딩스,-0.3229218733778959,5.23,5.4375,0.25,55609.0,640.0,1.42
GKL,151.2489059210371,26.32,8.657499999999999,1.86,6690.0,98.0,0.0
GS,21.77571628037577,6.02,8.58,0.29,146401.0,-75.0,0.78
GS건설,134.43661153741473,-38.37,-6.382499999999999,0.35,52375.0,1386.0,0.36
GS글로벌,283.44525486250836,7.28,8.1725,0.62,6268.0,185.0,0.94
GS리테일,-1.494781100471613,-26.29,0.0875,0.55,39158.0,-581.0,0.53
GS우,21.77571628037577,6.02,8.58,0.29,146401.0,-75.0,0.78
HDC,14.361699741948811,4.96,4.8100000000000005,0.21,53025.0,723.0,0.58
HDC랩스,-3.649658264507586,18.28,4.785,0.74,11052.0,97.0,0.3
HDC현대EP,50.01140436624306,15.03,5.1049999999999995,0.35,12448.0,60.0,0.55
HDC현대산업개발,-6.730153594077506,8.87,5.8725000000000005,0.47,47929.0,496.0,0.57
HD한국조선해양,284.73387922366925,21.89,5.38,1.24,150910.0,2134.0,0.61
HD현대,106.83880923522452,23.93,4.71,0.64,120339.0,-418.0,0.34
HD현대건설기계,43.16819113036703,20.26,6.0475,0.56,92964.0,590.0,0.37
HD현대마린솔루션,,,,,,,0.3
HD현대마린엔진,-14.84617258165148,10.89,18.405,2.21,8641.0,295.0,0.31
HD현대미포,452.8527978667753,-48.77,-5.2775,1.99,50154.0,-4.0,0.28
HD현대에너지솔루션,24.05382577609986,-11.01,-5.12,0.78,32469.0,66.0,1.13
HD현대인프라코어,35.32941579679652,24.29,8.615,0.77,9678.0,-130.0,0.84
HD현대일렉트릭,3.961868223178792,23.24,36.565,8.54,38592.0,3242.0,0.46
HD현대중공업,126.075280777606,57.31,2.7575,3.0,61509.0,813.0,0.28
HJ중공업,65.52439497241964,11.41,-14.745000000000005,0.6,4391.0,625.0,0.86
HL D&I,-27.963302578036632,2.9,8.2675,0.24,10234.0,116.0,0.3
HLB글로벌,-1222.6657329598506,-19.6,-24.590000000000003,2.66,1908.0,-72.0,1.42
HL만도,-391.0080968201421,14.06,7.465,0.74,49956.0,-1206.0,0.85
HL홀딩스,68.5865229663214,15.09,4.3075,0.32,109840.0,-2247.0,0.28
HMM,84.71481018811726,4.11,7.5375,0.57,32290.0,2321.0,0.53
HS애드,1.970652011018708,6.55,8.8925,0.57,11167.0,335.0,0.29
HS화성,-124.62323515368234,-289.75,3.4325,0.21,39908.0,-317.0,0.27
HS효성,,,,,,,1.51
HS효성첨단소재,44.28741786311499,58.26,3.9775,1.87,154813.0,-1106.0,0.87
IHQ,198.48916083908003,-2.26,7.3625,0.68,15886.0,-90.0,0.0
JB금융지주,33.44744178297889,4.57,12.4475,0.55,27962.0,990.0,0.74
JW생명과학,-6.234567901234569,5.98,17.8,0.99,10992.0,427.0,0.31
JW중외제약,18.6262473187552,9.35,17.5875,2.23,12351.0,797.0,0.9
JW중외제약2우B,18.6262473187552,9.35,17.5875,2.23,12351.0,797.0,0.9
JW중외제약우,18.6262473187552,9.35,17.5875,2.23,12351.0,797.0,0.9
JW홀딩스,26.335984803726745,3.34,30.085,1.34,2307.0,176.0,0.54
KB금융,120.24538754203324,6.99,7.967499999999999,0.53,153744.0,4052.0,1.66
KB발해인프라,,,,,,,0.0
KB스타리츠,,,,,,,0.32
KCC,177.05897200613666,5.78,9.1325,0.43,695028.0,-4761.0,1.25
KCC글라스,19.23126693830383,8.93,4.904999999999999,0.43,94052.0,1450.0,0.34
KCTC,40.01243752796548,5.95,10.11,0.55,9860.0,266.0,-0.71
KC그린홀딩스,260.4356830591867,0.23,27.895000000000003,0.1,9336.0,1212.0,-1.11
KC코트렐,-670.0088379792049,-0.29,-239.535,-2.09,-269.0,-161.0,-1.62
KEC,-170.45454545454547,-7.31,-9.6575,0.58,1733.0,-27.0,0.84
KG모빌리티,-19.936068970210147,-281.03,2.435,0.9,5898.0,-265.0,0.56
KG스틸,260.31252801020764,4.34,10.1325,0.34,19438.0,458.0,0.83
KG케미칼,-16.58121815463678,5.0,9.0275,0.32,13596.0,38.0,1.21
KH 필룩스,34.70728252212005,-2.52,-15.28,0.25,26416.0,-522.0,0.0
KIB플러그에너지,604.6296296296297,-34.27,,0.79,532.0,-17.0,-0.67
KISCO홀딩스,-24.844841254381027,7.2,6.145,0.21,91813.0,438.0,0.12
KPX케미칼,-16.484883194511216,3.7,9.995,0.34,141177.0,1847.0,0.47
KPX홀딩스,7.911765479596966,4.17,7.2025,0.23,247674.0,-757.0,0.42
KR모터스,132.41545893719808,-2.28,-62.4675,1.08,519.0,-46.0,0.63
KSS해운,78.12529046975253,10.92,4.745,0.48,19736.0,-193.0,0.25
KT,196.1015893795654,8.71,6.5,0.57,70392.0,1418.0,0.22
KT&G,45.01083080528639,14.97,10.3925,1.31,83309.0,1851.0,0.07
KTcs,115.59813829949252,44.55,5.0875,0.63,4952.0,89.0,0.61
KTis,16.59084579509837,7.79,6.109999999999999,0.4,6817.0,95.0,0.43
LF,1.1896077829170533,4.5,5.942499999999999,0.26,56402.0,914.0,0.53
LG,925.2736121210646,13.3,4.1875,0.46,172842.0,2310.0,1.06
LG디스플레이,-487.1063037705504,-3.09,-26.635,0.78,13957.0,-710.0,0.67
LG생활건강,49.66499232804292,44.0,2.8375,1.12,338719.0,3826.0,0.66
LG생활건강우,49.66499232804292,44.0,2.8375,1.12,338719.0,3826.0,0.66
LG에너지솔루션,33576.73480145633,-267.43,1.8475,4.8,86397.0,569.0,1.03
LG우,925.2736121210646,13.3,4.1875,0.46,172842.0,2310.0,1.06
LG유플러스,12.956709956709958,8.03,6.8774999999999995,0.49,20138.0,315.0,0.32
LG이노텍,-27.64592251388126,7.44,14.1025,1.03,210704.0,4436.0,1.12
LG전자,60.57464547210918,24.29,4.1075,0.92,113449.0,269.0,0.59
LG전자우,60.57464547210918,24.29,4.1075,0.92,113449.0,269.0,0.59
LG헬로비전,91.50689282764756,-3.17,-9.465,0.37,7294.0,28.0,0.37
LG화학,69.38553852384393,98.57,2.1675,0.85,418788.0,6958.0,1.66
LG화학우,69.38553852384393,98.57,2.1675,0.85,418788.0,6958.0,1.66
LIG넥스원,-2.938455792578528,23.33,17.8075,4.01,52661.0,1954.0,0.88
LS,63.50985660288375,7.98,10.105,0.69,178123.0,1396.0,2.07
LS ELECTRIC,6.940811540928934,22.46,13.0925,2.66,61489.0,1120.0,0.64
LS네트웍스,1102.1724643475943,-11.38,-0.9925,0.48,7244.0,-285.0,0.21
LS에코에너지,130.0897937277707,28.96,10.6425,4.82,5499.0,242.0,0.98
LX세미콘,-15.593048998912735,6.68,13.0675,0.99,65011.0,1559.0,0.59
LX인터내셔널,66.30945879315605,6.9,4.9975000000000005,0.42,71236.0,2194.0,0.69
LX하우시스,171.7453982163863,7.26,7.967499999999999,0.45,88007.0,976.0,0.89
LX하우시스우,171.7453982163863,7.26,7.967499999999999,0.45,88007.0,976.0,0.89
LX홀딩스,339.16668972420274,3.51,6.55,0.3,23505.0,711.0,0.61
LX홀딩스1우,339.16668972420274,3.51,6.55,0.3,23505.0,711.0,0.61
MH에탄올,1630.2309368191718,19.77,6.459999999999999,0.54,10896.0,-134.0,0.39
NAVER,28.088057719550296,16.34,6.11,1.04,162988.0,3223.0,0.17
NHN,-362.7648901680554,-4.56,-3.2525,0.36,46945.0,-2137.0,0.96
NH올원리츠,,,,,,,0.33
NH투자증권,39.89089569695546,7.03,8.055,0.59,22846.0,444.0,0.5
NH투자증권우,39.89089569695546,7.03,8.055,0.59,22846.0,444.0,0.5
NH프라임리츠,,,,,,,0.21
NICE,77.87657261298126,-183.07,0.4975,0.51,21031.0,144.0,0.39
NICE평가정보,17.153547549569677,9.46,17.072499999999998,1.59,6692.0,314.0,0.34
NI스틸,-8.334085887249623,4.13,18.045,0.47,8850.0,105.0,0.21
NPC,447.2549959493146,2.3,9.9175,0.44,11506.0,2023.0,0.76
NPC우,447.2549959493146,2.3,9.9175,0.44,11506.0,2023.0,0.76
OCI,7.3927460303518275,,,0.61,133232.0,1600.0,1.2
OCI홀딩스,1492.3773660855106,8.37,12.765,0.34,208582.0,-1086.0,0.74
PI첨단소재,622.643427741467,29.7,3.585,1.88,11453.0,220.0,1.51
POSCO홀딩스,115.63621826572609,24.63,2.705,0.53,731323.0,5436.0,1.48
S-Oil,252.25465069867784,71.94,7.8725,0.81,75483.0,-1768.0,0.51
S-Oil우,252.25465069867784,71.94,7.8725,0.81,75483.0,-1768.0,0.51
SBS,-139.89531925023482,255.27,4.055,0.33,46813.0,-1160.0,0.48
SGC에너지,28.29095933064387,4.74,9.8825,0.53,53273.0,1200.0,0.55
SG글로벌,-94.66820419583615,6.45,15.9925,0.91,3234.0,-57.0,1.31
SG세계물산,-64.0625,8.11,1.0075,0.27,1362.0,23.0,0.0
SHD,98.20135061251268,-32.43,-0.525,0.42,41670.0,-1117.0,0.19
SH에너지화학,40.23809523809524,-7.82,-5.862499999999999,0.68,777.0,-20.0,0.03
SIMPAC,118.43573770985545,14.77,-0.4750000000000001,0.36,11236.0,332.0,0.47
SJG세종,116.80113078441713,4.45,4.1225000000000005,0.29,16461.0,17.0,1.12
SJM,112.5633022941805,4.31,8.2475,0.26,13085.0,-1.0,0.64
SJM홀딩스,202.98533379365017,8.23,5.535,0.3,11902.0,-49.0,0.82
SK,104.8169726213997,-48.0,-2.515,0.4,387350.0,7001.0,1.28
SKC,66.00161897483522,-17.57,-18.5525,3.76,38125.0,-1075.0,1.96
SK가스,47.72239940318378,9.52,8.74,0.58,295772.0,7968.0,0.13
SK네트웍스,176.66304494306314,15.11,1.0875,0.46,10605.0,300.0,0.81
SK디스커버리,138.78025687154377,24.61,3.345,0.22,155300.0,1834.0,0.55
SK디스커버리우,138.78025687154377,24.61,3.345,0.22,155300.0,1834.0,0.55
SK디앤디,158.61646531240532,-6.17,5.095,0.3,28879.0,-28.0,0.48
SK리츠,,,,,,,0.32
SK바이오사이언스,-117.61799042990847,-98.34,0.4275,2.48,22380.0,-290.0,1.27
SK바이오팜,47.95398396103544,141.93,3.12,24.1,4315.0,123.0,0.67
SK스퀘어,113.7062272704971,6.5,1.5025,0.62,130576.0,8434.0,3.01
SK아이이테크놀로지,-77.62383379977923,-35.36,-0.4649999999999999,1.1,32867.0,-506.0,1.17
SK오션플랜트,45.48969942586964,34.14,5.8425,1.25,12007.0,154.0,0.57
SK우,104.8169726213997,-48.0,-2.515,0.4,387350.0,7001.0,1.28
SK이노베이션,236.59741549218276,-8.62,-0.9,0.54,218525.0,-6357.0,1.45
SK이노베이션우,236.59741549218276,-8.62,-0.9,0.54,218525.0,-6357.0,1.45
SK이터닉스,,,,,,,0.12
SK증권,254.96825396825395,-3.44,-5.657500000000001,0.37,1382.0,3.0,0.53
SK증권우,254.96825396825395,-3.44,-5.657500000000001,0.37,1382.0,3.0,0.53
SK케미칼,33.52437416074239,-86.39,1.03,0.45,112198.0,-203.0,0.97
SK케미칼우,33.52437416074239,-86.39,1.03,0.45,112198.0,-203.0,0.97
SK텔레콤,26.313930551620285,10.64,9.83,1.01,55160.0,1252.0,0.02
SK하이닉스,131.8861829448092,12.19,-0.4900000000000011,1.84,94828.0,7897.0,1.87
SNT다이내믹스,60.65650299012679,8.58,10.075,0.71,34203.0,525.0,0.19
SNT모티브,873.9128540647839,9.76,8.665000000000001,0.59,79304.0,1160.0,0.62
SNT에너지,185.3394229270807,20.47,7.5125,0.89,14390.0,-113.0,1.83
SNT홀딩스,54.02221324708163,3.17,9.27,0.27,82190.0,1914.0,0.79
SPC삼립,100.99939476573331,5.45,15.675,0.88,58404.0,1406.0,0.52
STX,-58.32040606788553,-3.69,-81.815,2.51,2213.0,-16.0,1.35
STX그린로지스,1149.5007640545166,3.76,,1.85,7897.0,3221.0,0.44
STX엔진,135.99975341973064,18.18,6.574999999999999,1.83,9895.0,81.0,1.36
SUN&L,-28.04372857502837,-0.29,-82.235,0.19,18590.0,-296.0,0.13
TBH글로벌,-45.229148375768204,44.39,5.82,0.5,2870.0,-132.0,0.73
TCC스틸,204.9647494907514,43.12,4.9,4.18,9160.0,151.0,2.21
TKG휴켐스,2.042339255984313,8.75,12.7,0.85,22656.0,440.0,0.4
TP,517.1855921855921,3.56,5.215,0.29,4824.0,515.0,0.35
TYM,-19.63464726955654,8.53,10.415,0.34,9094.0,-276.0,0.04
WISCOM,274.0716968573194,-8.16,-1.795,0.3,6976.0,-90.0,0.25
YG PLUS,97.75132275132272,-1575.28,6.4,1.07,2572.0,-13.0,0.9
가온전선,97.87838193534488,13.5,5.552499999999999,0.74,51106.0,1160.0,1.35
강남제비스코,0.7206061576000687,9.33,3.0575,0.28,95028.0,29.0,0.75
강원랜드,18.528316099001845,8.68,10.34,0.9,18839.0,425.0,0.15
갤럭시아에스엠,128.12511365702855,37.96,5.24,0.98,2399.0,17.0,-0.25
경농,55.43681600112712,8.37,7.465,0.62,14956.0,-76.0,0.37
경동나비엔,-4.5867640961482055,10.57,15.6675,1.58,45045.0,1081.0,0.77
경동도시가스,20.525697129503406,3.97,7.16,0.25,74613.0,443.0,0.25
경동인베스트,106.0830251524983,13.2,3.4349999999999996,0.36,211889.0,-1096.0,1.64
경방,112.5923832255093,21.98,-0.3675,0.2,29900.0,168.0,0.86
경보제약,144.72618032720337,36.12,3.115,1.22,6096.0,45.0,0.31
경인양행,56.4540827199055,39.83,-1.85,0.57,5684.0,5.0,1.02
경인전자,-25.758482678352987,6.43,7.824999999999999,0.37,56217.0,-153.0,-0.12
계룡건설,-30.23295874758195,2.4,6.43,0.15,94149.0,645.0,0.56
계양전기,1668.135135135135,-4.02,-5.07,0.39,3954.0,-209.0,0.67
계양전기우,1668.135135135135,-4.02,-5.07,0.39,3954.0,-209.0,0.67
고려산업,159.4758573702418,13.82,2.79,0.73,4375.0,117.0,0.77
고려아연,3.811245209422413,22.76,5.967499999999999,1.51,454469.0,7548.0,-0.11
고려제강,-102.76982964767484,14.43,3.7875,0.28,68902.0,-739.0,0.63
광동제약,235.52103383901544,9.01,6.7,0.41,14312.0,168.0,0.74
광명전기,-609.2144080287858,-44.84,3.565,0.69,2513.0,-40.0,0.92
광전자,33.07493540051681,35.49,1.03,0.4,4655.0,-19.0,0.02
광주신세계,8.411718452469533,5.49,5.66,0.27,108275.0,1172.0,0.31
교보증권,133.3275219574152,4.44,4.755,0.31,17717.0,526.0,0.56
교촌에프앤비,117.33898211776628,33.84,6.2475,1.17,7354.0,186.0,-0.02
국도화학,152.44215001285343,-1693.84,0.015,0.35,98567.0,-66.0,0.84
국보,-29.54339257982983,-0.96,-82.185,1.29,1634.0,-225.0,-0.49
국제약품,278.87260887260885,27.92,-3.205,1.23,4413.0,54.0,0.91
그린케미칼,475.7452574525744,30.37,3.88,1.25,5155.0,13.0,0.85
극동유화,44.6967573615111,13.21,6.7,0.63,6122.0,-3.0,0.03
금강공업,-54.25736302528244,9.65,7.609999999999999,0.3,14469.0,-23.0,0.35
금강공업우,-54.25736302528244,9.65,7.609999999999999,0.3,14469.0,-23.0,0.35
금비,100.85797267540484,-17.47,-6.1925,0.62,99065.0,2194.0,0.41
금양,70.57915210549642,-19.81,-60.04,37.14,1408.0,-1320.0,1.71
금호건설,955.1128153050626,-0.51,-19.9225,0.55,5868.0,-5084.0,0.61
금호건설우,955.1128153050626,-0.51,-19.9225,0.55,5868.0,-5084.0,0.61
금호석유,-5.7135318604420675,12.93,7.2375,0.69,229734.0,1732.0,1.33
금호석유우,-5.7135318604420675,12.93,7.2375,0.69,229734.0,1732.0,1.33
금호에이치티,-39.90141635989267,-5.56,-7.157500000000001,0.38,1563.0,24.0,0.27
금호전기,3.0020544427324105,-2.16,-68.285,1.8,464.0,-39.0,0.28
금호타이어,1.887523471240802,3.88,19.115,0.85,5302.0,308.0,0.98
기신정기,-16.77491444933305,37.54,0.7525000000000001,0.3,8501.0,19.0,0.48
기아,18.596594558729834,4.15,20.5975,0.75,133382.0,5671.0,1.36
기업은행,16.637152224642243,4.05,8.682500000000001,0.33,41958.0,1005.0,0.52
까뮤이앤씨,320.3909465020576,-10.49,,0.79,1672.0,-29.0,0.23
깨끗한나라,104.16043194405768,-3.3,-11.5275,0.45,5101.0,-359.0,0.17
깨끗한나라우,104.16043194405768,-3.3,-11.5275,0.45,5101.0,-359.0,0.17
남광토건,104.102471639997,5.67,8.11,0.52,12172.0,149.0,-0.46
남선알미늄,1037.1932726771436,15.7,1.0825,0.57,2471.0,66.0,0.5
남선알미우,1037.1932726771436,15.7,1.0825,0.57,2471.0,66.0,0.5
남성,153.86473429951693,-8.94,-6.8275,0.42,3318.0,-84.0,0.96
남양유업,51.81669582928388,-8.65,-9.004999999999999,0.76,75375.0,4.0,0.52
남양유업우,51.81669582928388,-8.65,-9.004999999999999,0.76,75375.0,4.0,0.52
남해화학,20.31313131313132,11.28,4.625,0.59,11111.0,6.0,0.31
넥센,142.27488012579047,4.16,5.76,0.19,23642.0,76.0,0.58
넥센우,142.27488012579047,4.16,5.76,0.19,23642.0,76.0,0.58
넥센타이어,57.98068936312389,8.39,6.955,0.41,17438.0,-64.0,0.34
넥센타이어1우B,57.98068936312389,8.39,6.955,0.41,17438.0,-64.0,0.34
넥스틸,4689.391979229827,3.86,12.44,0.46,17703.0,246.0,1.69
넷마블,13117.82843137255,260.41,-2.2775,0.94,63394.0,261.0,0.89
노루페인트,120.81134318063192,6.31,7.775,0.45,19600.0,477.0,0.92
노루페인트우,120.81134318063192,6.31,7.775,0.45,19600.0,477.0,0.92
노루홀딩스,51.66639778103081,3.52,8.81,0.31,43083.0,1768.0,0.68
노루홀딩스우,51.66639778103081,3.52,8.81,0.31,43083.0,1768.0,0.68
녹십자,178.24065524774105,-93.9,-2.1975,1.34,112965.0,2846.0,0.75
녹십자홀딩스,58.67323260815059,-11.28,-6.8725000000000005,0.77,20164.0,-22.0,0.97
녹십자홀딩스2우,58.67323260815059,-11.28,-6.8725000000000005,0.77,20164.0,-22.0,0.97
농심,34.11166734229817,15.1,6.827500000000001,0.87,444734.0,5997.0,0.51
농심홀딩스,29.1496275595609,3.58,7.195,0.26,257189.0,3526.0,0.57
다스코,-114.24836883474217,-23.91,3.6775,0.41,7800.0,-184.0,-0.01
다올투자증권,-217.93903932886656,-8.35,-5.665,0.32,9504.0,7.0,0.39
다우기술,72.5570196937695,3.81,8.62,0.28,65411.0,2064.0,0.95
다이나믹디자인,479.5200451722191,-15.94,-30.595,1.54,1712.0,-7.0,0.56
대교,54.47283675075219,-3.93,-21.6625,0.55,3944.0,45.0,0.94
대교우B,54.47283675075219,-3.93,-21.6625,0.55,3944.0,45.0,0.94
대구백화점,13.787345584991291,-2.52,-15.655,0.39,21079.0,-1082.0,-0.14
대덕,251.71461474278377,14.72,2.2025,0.36,17372.0,82.0,0.37
대덕1우,251.71461474278377,14.72,2.2025,0.36,17372.0,82.0,0.37
대덕전자,132.6938977279428,38.04,2.6475,1.11,16939.0,100.0,1.04
대덕전자1우,132.6938977279428,38.04,2.6475,1.11,16939.0,100.0,1.04
대동,-5.262127683999172,-9.85,-0.2424999999999999,0.47,18858.0,-816.0,1.57
대동전자,588.0989570576941,6.99,11.6125,0.43,34766.0,62.0,-0.74
대림B&Co,66.34165757489609,44.74,-0.845,0.37,9542.0,126.0,0.38
대림통상,35.06097265332642,-5.45,-10.605,0.69,4276.0,-207.0,0.3
대상,401.2951459497429,9.4,5.5,0.56,38425.0,1024.0,0.5
대상우,401.2951459497429,9.4,5.5,0.56,38425.0,1024.0,0.5
대상홀딩스,222.65294250719063,12.68,2.105,0.43,20686.0,489.0,0.58
대상홀딩스우,222.65294250719063,12.68,2.105,0.43,20686.0,489.0,0.58
대성산업,-20.183524392676823,-9.4,-1.4775,0.22,15970.0,-42.0,0.61
대성에너지,-11.078119681920851,14.11,5.3625,0.82,11858.0,-151.0,-0.15
대성홀딩스,-0.2472670520071555,5.12,12.115,0.3,26793.0,-238.0,0.85
대신증권,202.3951637827488,14.58,4.125,0.36,45744.0,31.0,0.53
대신증권2우B,202.3951637827488,14.58,4.125,0.36,45744.0,31.0,0.53
대신증권우,202.3951637827488,14.58,4.125,0.36,45744.0,31.0,0.53
대양금속,284.45139613022826,-4.1,-25.6125,0.91,1912.0,-41.0,0.75
대영포장,182.07070707070704,31.81,3.825,0.55,1874.0,-10.0,1.23
대우건설,-23.242497284661383,4.86,10.89,0.38,10085.0,92.0,0.3
대웅,24.331904998924028,11.08,14.392499999999998,0.93,25150.0,765.0,2.04
대웅제약,739.0321368519232,15.47,14.8675,1.95,71035.0,2441.0,1.06
대원강업,240.131156930126,19.03,4.775,0.49,8497.0,121.0,0.95
대원전선,222.15419501133792,24.63,9.22,2.04,1479.0,51.0,1.3
대원전선우,222.15419501133792,24.63,9.22,2.04,1479.0,51.0,1.3
대원제약,669.8311938684348,20.32,7.424999999999999,1.13,13019.0,303.0,0.17
대원화성,-37.72978655331597,-3.5,-23.105,1.14,1087.0,-25.0,0.45
대유에이텍,12.684971757136708,-0.7,-116.2825,0.93,1129.0,72.0,0.82
대유플러스,142.71645241033582,-0.05,397.79,-0.37,-5322.0,1320.0,0.76
대창,85.08130081300813,135.22,-4.42,0.46,2933.0,-8.0,1.17
대창단조,93.89449304792298,5.55,11.69,0.46,11197.0,156.0,0.21
대한방직,166.86403356967915,-40.56,-1.485,0.16,36542.0,77.0,0.71
대한유화,357.3312583361096,-23.73,-1.0,0.4,289942.0,-3121.0,1.11
대한전선,-18.754973594972427,18.23,7.9825,1.51,7976.0,129.0,0.61
대한제강,13.44756811949407,5.33,9.3675,0.29,44403.0,669.0,0.18
대한제당,31.015873015873012,11.69,5.1625,0.5,5912.0,34.0,0.46
대한제당우,31.015873015873012,11.69,5.1625,0.5,5912.0,34.0,0.46
대한제분,-21.131207265352092,2.54,8.9875,0.22,625895.0,9131.0,0.57
대한항공,147.98110001669863,7.67,11.93,0.81,27782.0,791.0,0.39
대한항공우,147.98110001669863,7.67,11.93,0.81,27782.0,791.0,0.39
대한해운,112.70117322291236,4.42,6.7525,0.36,5750.0,157.0,0.32
대한화섬,-272.51035647623087,-21.54,0.3474999999999999,0.19,634563.0,-4107.0,0.71
대현,-27.20186176254603,3.75,8.89,0.32,6044.0,72.0,0.21
대호에이엘,287.77777777777777,23.79,4.0024999999999995,0.83,1424.0,22.0,0.27
더본코리아,,,,,,,-0.26
더블유게임즈,-1.5395037228278217,6.63,18.42,1.0,50072.0,1392.0,0.5
더존비즈온,8.28076167458379,33.73,9.45,2.93,17887.0,363.0,-0.33
덕성,31.489126815363804,20.26,6.387499999999999,1.16,5931.0,87.0,1.06
덕성우,31.489126815363804,20.26,6.387499999999999,1.16,5931.0,87.0,1.06
덕양산업,33.11059351276743,61.05,9.0575,1.18,3112.0,1.0,1.13
덴티움,-18.803414987217646,10.5,20.91,1.36,60082.0,1323.0,0.91
도화엔지니어링,-54.37340437340438,16.72,7.345,0.84,8037.0,-122.0,0.15
동국씨엠,61.27297778477408,5.02,4.5649999999999995,0.19,34009.0,410.0,1.14
동국제강,-37.66725205782569,4.34,7.705,0.26,34987.0,192.0,0.78
동국홀딩스,-55.920309003635474,0.39,33.965,0.15,53064.0,-31.0,1.43
동남합성,-15.179833792024176,16.81,13.105,2.17,15531.0,302.0,0.16
동방,3656.2650992583954,5.89,14.767500000000002,0.82,3429.0,27.0,-0.22
동방아그로,33.19583878811128,8.37,6.665,0.45,13703.0,-166.0,0.18
동부건설,-21.795833494253294,-1.39,-8.02,0.21,20986.0,-204.0,0.39
동부건설우,-21.795833494253294,-1.39,-8.02,0.21,20986.0,-204.0,0.39
동서,9.36319674701078,11.73,9.99,1.14,16822.0,327.0,0.31
동성제약,175.937812009699,-25.39,-8.0725,2.8,1622.0,-56.0,0.14
동성케미컬,107.47026346770592,6.24,9.22,0.5,8732.0,117.0,0.63
동아쏘시오홀딩스,140.54124140317546,13.52,5.42,0.7,168701.0,4358.0,0.66
동아에스티,-900.1994167843195,-26.01,-0.945,0.98,72823.0,-1010.0,0.57
동아지질,6.387594431895984,17.66,4.5575,0.74,16715.0,132.0,0.29
동양,50.0793650793651,-11.34,0.36,0.2,4060.0,-58.0,0.76
동양2우B,50.0793650793651,-11.34,0.36,0.2,4060.0,-58.0,0.76
동양고속,17.701728390407396,-5.29,-5.9575,0.35,25010.0,-412.0,0.28
동양생명,7.126520856125677,2.67,9.0525,0.41,13256.0,553.0,0.83
동양우,50.0793650793651,-11.34,0.36,0.2,4060.0,-58.0,0.76
동양철관,-1438.371040723982,-6.21,-9.945,1.28,695.0,7.0,1.94
동양피스톤,97.1838946960898,21.24,5.5075,0.59,9721.0,-189.0,1.04
동원F&B,78.9891564072178,5.08,12.4975,0.59,55163.0,2239.0,0.66
동원금속,373.44877344877347,5.22,19.1825,0.58,2403.0,8.0,1.18
동원산업,-97.09618147664098,23.12,6.999999999999999,0.42,74681.0,-2368.0,0.59
동원수산,9.353983506513671,-6.12,-21.659999999999997,0.59,10125.0,25.0,0.55
동원시스템즈,16.171786270289132,18.97,8.815000000000001,1.59,27763.0,608.0,1.41
동원시스템즈우,16.171786270289132,18.97,8.815000000000001,1.59,27763.0,608.0,1.41
동인기연,,,,,,,0.03
동일고무벨트,60.83800771770695,32.16,3.8,0.48,15996.0,-197.0,0.31
동일산업,1064.236350622871,28.32,-0.2375,0.22,193657.0,2163.0,0.52
동일제강,91.31960220101972,36.94,-1.3299999999999996,0.19,8255.0,-78.0,0.4
동화약품,3.637881022821953,28.25,4.4925,0.57,13558.0,-11.0,0.6
두산,-37.672687609132446,-11.26,-19.2025,1.95,87102.0,-4124.0,1.96
두산2우B,-37.672687609132446,-11.26,-19.2025,1.95,87102.0,-4124.0,1.96
두산로보틱스,1471.8367889420522,-305.44,-4.375,9.69,6574.0,-106.0,1.63
두산밥캣,-29.26341265883882,6.25,13.9625,0.64,63678.0,632.0,0.67
두산에너빌리티,18.395980266251215,139.52,1.4425,1.54,11599.0,-86.0,0.77
두산우,-37.672687609132446,-11.26,-19.2025,1.95,87102.0,-4124.0,1.96
두산퓨얼셀,320.3294001966568,,-1.64,3.06,6196.0,-45.0,0.59
두산퓨얼셀1우,320.3294001966568,,-1.64,3.06,6196.0,-45.0,0.59
두산퓨얼셀2우B,320.3294001966568,,-1.64,3.06,6196.0,-45.0,0.59
두올,-5.0617798782936445,6.61,9.59,0.47,7279.0,-23.0,1.11
드림텍,103.7747183979975,52.39,4.2924999999999995,1.49,5748.0,-48.0,0.9
디씨엠,-0.9105476195014384,6.23,0.9549999999999998,0.42,29623.0,198.0,0.71
디아이,32.4994994994995,-58.59,-1.17,2.62,5659.0,-94.0,1.07
디아이씨,72.41780594183341,10.42,18.02,1.05,3810.0,198.0,0.27
디앤디플랫폼리츠,,,,,,,0.4
디와이,-13.988547767806104,8.56,5.13,0.34,14718.0,-79.0,0.61
디와이파워,10.169273988379182,6.48,9.3175,0.49,25366.0,286.0,0.26
롯데관광개발,327.86178449406157,-7.65,-92.5425,2.12,4810.0,-381.0,0.06
롯데렌탈,141.656977287901,13.01,7.3475,0.79,38404.0,863.0,0.15
롯데리츠,,,,,,,0.5
롯데손해보험,-20.10918945553092,6.35,20.705,0.89,2842.0,59.0,0.94
롯데쇼핑,-9.051591032476276,-32.11,0.8225,0.19,330522.0,-4.0,0.66
롯데에너지머티리얼즈,174.57977207977208,284.56,-0.4000000000000001,1.39,29661.0,97.0,1.99
롯데웰푸드,115.7374663620016,14.08,4.5275,0.59,240964.0,4883.0,0.99
롯데이노베이트,-13.858343713865567,12.97,8.7075,0.89,27247.0,353.0,0.24
롯데정밀화학,148.84908000586236,19.1,4.7299999999999995,0.51,93748.0,-2774.0,0.76
롯데지주,61.84898618882695,-6.18,-2.9124999999999996,0.26,95786.0,-684.0,0.93
롯데지주우,61.84898618882695,-6.18,-2.9124999999999996,0.26,95786.0,-684.0,0.93
롯데칠성,27.84766809788807,11.07,10.035,0.86,151003.0,4355.0,0.47
롯데칠성우,27.84766809788807,11.07,10.035,0.86,151003.0,4355.0,0.47
롯데케미칼,102.3675880083128,-5.68,-2.1975,0.28,356337.0,-10458.0,1.37
롯데하이마트,602.2371679914526,-5.14,-2.93,0.15,53929.0,1133.0,0.67
마니커,-32.91095046414196,-18.11,-1.7225,1.48,651.0,3.0,0.51
마스턴프리미어리츠,,,,,,,0.59
만호제강,111.00863395905571,-3.58,-17.025,0.48,53117.0,1108.0,-0.05
맥쿼리인프라,,,,,,,0.12
맵스리얼티1,,,,,,,0.28
메리츠금융지주,28.779401799288667,8.25,25.7125,1.77,54801.0,3408.0,1.06
메타랩스,355.40367266565926,-81.36,-8.5975,0.51,3261.0,317.0,0.39
메타케어,78.44022415940223,48.77,-5.8999999999999995,0.5,719.0,3.0,0.49
명문제약,-31.212262682850916,-9.53,-7.66,0.89,2383.0,-23.0,0.44
명신산업,1.1287234114423654,5.77,26.725,1.08,12051.0,387.0,1.4
모나리자,-44.661645145863226,30.54,8.4675,1.41,2235.0,3.0,0.14
모나미,-66.58163265306122,-5.0,-8.155,0.5,4743.0,-131.0,0.69
모나용평,61.60709297964201,10.82,3.6925,0.51,8278.0,143.0,0.41
모토닉,-5.72886178149336,9.65,6.642499999999999,0.41,21225.0,205.0,0.3
무림P&P,116.38821759576948,80.16,-2.5975,0.29,10161.0,104.0,0.53
무림페이퍼,2057.1526516083136,2.34,4.592499999999999,0.2,10800.0,154.0,0.65
무학,-16.365281670291782,3.33,9.81,0.28,21298.0,222.0,0.38
문배철강,5.539215686274512,5.52,7.857499999999999,0.25,9861.0,-6.0,0.87
미래산업,36.93414560350044,-2.65,-28.987499999999997,0.46,2148.0,195.0,0.42
미래아이앤지,175.6033182503771,-3.05,-17.955,0.51,2221.0,12.0,0.52
미래에셋글로벌리츠,,,,,,,0.71
미래에셋맵스리츠,,,,,,,0.37
미래에셋생명,6.033484076962329,-48.87,1.4975,0.28,18463.0,22.0,0.77
미래에셋증권,102.10892313400512,11.86,3.21,0.44,19142.0,389.0,1.1
미래에셋증권2우B,102.10892313400512,11.86,3.21,0.44,19142.0,389.0,1.1
미래에셋증권우,102.10892313400512,11.86,3.21,0.44,19142.0,389.0,1.1
미원상사,7.970388000108706,18.0,15.59,2.37,83924.0,2265.0,0.3
미원에스씨,84.61415309895548,15.1,8.3575,1.66,81427.0,2421.0,0.18
미원홀딩스,69.0475034814314,6.58,8.83,0.72,111283.0,2418.0,-0.04
미원화학,19.376784035604818,6.9,16.814999999999998,1.02,78806.0,2548.0,0.04
미창석유,8.944749179621112,2.44,15.56,0.34,272218.0,3178.0,0.22
바이오노트,230.47932927451,11.53,1.9499999999999995,0.29,15627.0,200.0,0.4
방림,201.12781954887217,136.19,-0.635,0.52,5415.0,48.0,0.28
백광산업,214.38349007314525,388.13,1.605,1.83,4846.0,33.0,0.83
백산,60.70654567676101,6.65,23.5375,1.4,10764.0,621.0,0.65
범양건영,-646.607433412227,-0.93,-32.6475,0.77,1531.0,-258.0,-3.19
벽산,180.99932065449303,5.93,11.1175,0.41,5093.0,55.0,0.42
보락,26.507936507936503,35.91,2.47,1.22,829.0,10.0,0.98
보령,87.13410114593744,11.99,9.8725,1.19,9095.0,136.0,0.65
보해양조,40.0,-484.58,-1.8325,0.76,583.0,0.0,0.82
부광약품,23.637102014295,-23.13,-11.0175,1.55,3279.0,2.0,0.75
부국증권,8.103192513736207,9.37,6.5375,0.33,86583.0,512.0,0.3
부국증권우,8.103192513736207,9.37,6.5375,0.33,86583.0,512.0,0.3
부국철강,88.06159420289855,20.71,2.165,0.4,6676.0,54.0,0.52
부산산업,-466.91504616700496,-1298.77,2.0500000000000003,0.41,122379.0,-716.0,0.19
부산주공,-247.8494623655914,-11.3,-16.1475,2.08,234.0,-15.0,0.0
비비안,126.114331950729,18.65,-4.6225000000000005,0.28,3129.0,175.0,0.51
비상교육,-67.87884037884038,-9.94,-3.355,0.36,14031.0,-515.0,1.5
비에이치,50.04328739600256,7.45,14.0375,0.82,22300.0,987.0,0.74
빙그레,125.00375897646732,6.97,14.4675,0.79,81886.0,5017.0,0.47
사조대림,26.500601534771253,4.55,17.19,0.62,84938.0,3650.0,1.37
사조동아원,150.43512043512044,6.0,7.67,0.5,2003.0,56.0,0.24
사조산업,7.457053932667051,8.96,5.05,0.55,116426.0,827.0,0.11
사조씨푸드,41.779735631688375,67.59,,0.55,14607.0,170.0,0.46
사조오양,167.91842847075404,4.19,8.9575,0.36,25712.0,991.0,0.15
산일전기,,,,,,,2.09
삼부토건,6.216476225419538,-0.71,-104.995,2.45,217.0,-142.0,0.07
삼성E&A,28.738934403443363,5.7,21.84,1.05,21025.0,835.0,0.49
삼성FN리츠,,,,,,,0.3
삼성SDI,-18.52700885259188,20.15,9.4775,1.3,291138.0,3264.0,1.81
삼성SDI우,-18.52700885259188,20.15,9.4775,1.3,291138.0,3264.0,1.81
삼성공조,40.66629896521972,8.96,4.6475,0.35,35398.0,254.0,1.0
삼성물산,16.06963974957368,11.82,6.91,0.7,197962.0,2501.0,1.44
삼성물산우B,16.06963974957368,11.82,6.91,0.7,197962.0,2501.0,1.44
삼성바이오로직스,7.391667360600867,66.07,9.849999999999998,6.57,148812.0,3716.0,0.52
삼성생명,16.611196740564562,7.49,5.335,0.5,185531.0,3368.0,1.42
삼성에스디에스,11.364740270017592,16.88,8.157499999999999,1.33,116735.0,2322.0,0.59
삼성전기,94.1375989899232,20.0,6.285,1.2,110561.0,1485.0,0.76
삼성전기우,94.1375989899232,20.0,6.285,1.2,110561.0,1485.0,0.76
삼성전자,18.990186215046084,13.03,6.54,1.11,55376.0,1440.0,1.17
삼성전자우,18.990186215046084,13.03,6.54,1.11,55376.0,1440.0,1.17
삼성제약,99.94705476635887,-17.43,-23.765000000000004,1.43,1280.0,195.0,0.47
삼성중공업,263.9305079028131,-140.31,-3.1125,2.27,4413.0,84.0,-0.02
삼성증권,1117.889616183813,5.23,9.3675,0.54,80182.0,2691.0,0.85
삼성출판사,14.66476285000506,19.23,4.46,0.86,17444.0,214.0,0.8
삼성카드,-1.8792605793789912,6.71,8.22,0.52,78428.0,1456.0,0.33
삼성화재,92.6727062549304,8.53,12.7675,0.91,380358.0,10957.0,1.39
삼성화재우,92.6727062549304,8.53,12.7675,0.91,380358.0,10957.0,1.39
삼아알미늄,-1063.1976424659354,-99.32,-0.0625,3.04,16751.0,-412.0,1.45
삼양사,28.613494207278748,4.42,7.9275,0.3,166940.0,2694.0,0.72
삼양사우,28.613494207278748,4.42,7.9275,0.3,166940.0,2694.0,0.72
삼양식품,33.96518768144188,18.0,31.440000000000005,5.45,99609.0,7814.0,0.32
삼양통상,247.07014164168825,9.55,3.135,0.3,161594.0,3459.0,0.47
삼양패키징,824.5850803633822,10.13,7.185,0.69,24978.0,644.0,0.04
삼양홀딩스,184.3314849218925,14.3,7.642499999999999,0.29,268121.0,865.0,0.78
삼양홀딩스우,184.3314849218925,14.3,7.642499999999999,0.29,268121.0,865.0,0.78
삼영,8.833621362095172,8.79,32.4,2.52,2182.0,50.0,0.62
삼영무역,2.7426571808029734,4.06,11.070000000000002,0.42,30613.0,748.0,0.41
삼영전자,173.50520879741006,16.84,2.28,0.35,26856.0,145.0,0.63
삼원강재,1.4778916890804803,6.98,6.8950000000000005,0.41,6275.0,82.0,0.55
삼익THK,217.55952380952385,508.36,0.2575,1.0,9811.0,97.0,1.24
삼익악기,952.6469972797656,34.07,2.2475,0.31,3431.0,-29.0,0.23
삼일씨엔에스,167.24113272311214,-80.08,0.285,0.19,20990.0,-157.0,0.45
삼일제약,-146.28672903847382,-255.57,-0.1875,1.94,8254.0,-32.0,0.32
삼정펄프,1860.2916320125605,1.69,11.995,0.25,104496.0,2394.0,0.33
삼진제약,186.70053822919215,6.51,10.3675,0.83,22553.0,323.0,0.74
삼천리,784.3262712423657,3.33,7.4825,0.2,462948.0,5674.0,0.67
삼호개발,1101.876158694846,12.84,6.43,0.32,10207.0,-167.0,0.2
삼화왕관,91.91856391800832,11.26,-2.5825000000000005,0.52,62006.0,879.0,0.22
삼화전기,463.4832614832421,18.32,14.555,3.69,13340.0,821.0,2.39
삼화전자,20.191910660660664,-6.89,-43.595,2.97,1069.0,-140.0,0.14
삼화콘덴서,3011.041102077688,21.58,8.625,1.42,25377.0,226.0,1.17
삼화페인트,253.37943143344805,13.63,5.6425,0.52,13332.0,50.0,1.48
상상인증권,227.57936507936503,-1.55,-7.24,0.26,1840.0,-97.0,0.42
상신브레이크,-51.78112142180432,5.72,8.0725,0.31,11057.0,-115.0,0.76
새론오토모티브,27.72409529323584,27.52,2.0,0.32,12336.0,-158.0,0.4
샘표,723.8355118053296,37.5,2.61,0.46,99680.0,494.0,0.35
샘표식품,169.9020820449392,35.81,3.28,0.54,52685.0,554.0,0.61
서연,55.32004746930207,1.61,17.7975,0.21,34108.0,985.0,1.44
서연이화,-11.59272629343048,2.91,17.715,0.39,36842.0,709.0,2.23
서울가스,768.6450580646609,8.89,2.32,0.19,279520.0,92.0,0.53
서울식품,-83.33333333333333,-38.2,-3.215,2.53,65.0,-2.0,0.38
서울식품우,-83.33333333333333,-38.2,-3.215,2.53,65.0,-2.0,0.38
서원,3955.203579418345,,-7.81,0.42,3133.0,-27.0,0.67
서흥,197.91689260842773,16.04,1.4675,0.43,39949.0,920.0,0.96
선도전기,11.439706033335256,17.22,-20.3575,1.65,1815.0,-122.0,0.0
선진,189.8154935496606,3.39,5.305,0.36,19727.0,1539.0,0.82
성문전자,-7.294261294261294,15.99,0.2399999999999997,0.7,1803.0,-19.0,0.65
성문전자우,-7.294261294261294,15.99,0.2399999999999997,0.7,1803.0,-19.0,0.65
성보화학,130.0458862223568,-134.14,0.355,0.39,6735.0,-155.0,0.4
성신양회,31.320019813748576,2.63,15.365,0.35,22626.0,372.0,0.36
성신양회우,31.320019813748576,2.63,15.365,0.35,22626.0,372.0,0.36
성안머티리얼스,245.99655087459965,-0.73,-167.73999999999998,1.49,362.0,-70.0,-0.1
성창기업지주,109.5008547008547,-15.3,-2.8775,0.19,8370.0,77.0,0.45
세기상사,10.476285069003175,-15.78,-6.8725000000000005,1.31,4580.0,-91.0,-0.41
세방,60.717018075867806,3.18,8.325,0.25,52468.0,652.0,0.98
세방우,60.717018075867806,3.18,8.325,0.25,52468.0,652.0,0.98
세방전지,5.683454132620902,6.79,11.585,0.78,109024.0,2861.0,1.26
세아베스틸지주,126.86519672614604,11.46,4.699999999999999,0.37,55355.0,312.0,0.81
세아제강,-35.37410575200051,3.15,15.275000000000002,0.32,370426.0,2229.0,0.82
세아제강지주,252.5254146515641,8.19,10.585,0.37,474576.0,257.0,1.16
세아특수강,17.77051664660417,-1119.3,-0.1124999999999999,0.35,39107.0,104.0,0.32
세아홀딩스,82.20647776028481,8.17,2.7,0.18,568566.0,2792.0,0.39
세우글로벌,118.2214696223317,13.25,5.77,0.74,1777.0,31.0,0.2
세원이앤씨,-36.127610361942,-2.7,-14.535,0.33,3881.0,-133.0,0.0
세원정공,458.9384756135093,1.42,7.3775,0.13,59595.0,936.0,1.1
세이브존I&C,-12.10598816951625,6.84,2.7624999999999997,0.17,12781.0,32.0,1.13
세진중공업,-109.2899812254651,116.78,8.3575,2.39,3073.0,-46.0,0.63
셀트리온,543.2405214567099,209.31,3.4075,2.38,81953.0,394.0,0.95
솔루스첨단소재,-2679.84496124031,-32.09,22.14,1.59,7874.0,-239.0,0.9
솔루스첨단소재1우,-2679.84496124031,-32.09,22.14,1.59,7874.0,-239.0,0.9
솔루스첨단소재2우B,-2679.84496124031,-32.09,22.14,1.59,7874.0,-239.0,0.9
솔루엠,48.65813253687435,22.84,21.235,2.29,8864.0,239.0,0.23
송원산업,65.66731322874459,10.02,4.48,0.43,30531.0,479.0,1.14
수산인더스트리,-5.1883889507718335,7.0,9.4425,0.57,36291.0,245.0,0.57
수산중공업,-5.659618159618158,9.29,7.905,0.58,2910.0,41.0,0.47
스카이라이프,80.7695127084756,-2.0,-14.375,0.34,14664.0,100.0,0.46
스타에스엠리츠,,,,,,,0.31
스틱인베스트먼트,51.1317216022067,16.29,10.32,1.18,6948.0,125.0,0.13
시디즈,208.96028515154765,25.9,3.85,0.71,39640.0,211.0,0.65
시프트업,,,,,,,0.2
신대양제지,124.84085121293462,8.31,7.204999999999999,0.3,18985.0,-34.0,0.28
신도리코,43.676398448096485,8.69,5.41,0.35,119079.0,468.0,0.65
신라교역,573.105555358543,9.18,4.9399999999999995,0.25,36734.0,-893.0,0.34
신성이엔지,196.66666666666663,-29.65,0.6174999999999997,1.45,1163.0,-47.0,0.87
신성통상,141.5670668099086,4.33,15.6725,0.68,3389.0,-4.0,0.67
신세계,112.1735112234431,8.73,4.9,0.32,490518.0,2137.0,0.75
신세계 I&C,-1.5723879622210006,6.04,7.812499999999999,0.32,30374.0,296.0,0.56
신세계건설,59.47658729816809,-0.72,-38.07,0.21,87636.0,-5961.0,-0.16
신세계인터내셔날,1.1056293485136024,11.8,4.8375,0.56,24520.0,140.0,0.96
신세계푸드,129.71802580198957,11.4,4.1825,0.47,77167.0,1035.0,0.59
신송홀딩스,-121.67734431885374,9.22,10.1375,0.74,9428.0,-67.0,0.63
신영와코루,52.14013766601597,31.33,1.11,0.23,41135.0,179.0,0.18
신영증권,12.86154360671521,9.39,9.642499999999998,0.36,217899.0,1763.0,0.22
신원,-11.418951418951414,-66.41,1.09,0.42,2859.0,-2.0,0.54
신일전자,328.02419354838713,36.55,2.0625,1.26,1199.0,28.0,0.28
신풍,-56.839486776643106,-29.84,-5.029999999999999,0.36,2662.0,-9.0,-0.52
신풍제약,-30.021677151810746,-19.09,-16.1725,2.39,5207.0,-2.0,1.7
신풍제약우,-30.021677151810746,-19.09,-16.1725,2.39,5207.0,-2.0,1.7
신한글로벌액티브리츠,,,,,,,0.83
신한서부티엔디리츠,,,,,,,0.71
신한알파리츠,,,,,,,0.24
신한지주,47.06364907744716,6.18,8.270000000000001,0.5,111236.0,2546.0,1.13
신흥,-21.068017244157534,20.58,7.215000000000001,1.17,12179.0,111.0,-0.02
쌍방울,27.85803021074536,-2.78,-24.9675,0.7,19192.0,394.0,0.0
써니전자,126.45145145145146,16.05,4.62,0.7,2273.0,36.0,0.54
쏘카,28.858065455462167,-13.74,-21.8675,3.13,5721.0,35.0,0.14
씨아이테크,-239.37048503611973,608.86,-8.6325,1.16,1086.0,52.0,-0.47
씨에스윈드,127.84856793675976,25.77,4.1475,2.65,26082.0,1725.0,0.36
씨티알모빌리티,-197.96904715063283,-3.0,-18.2725,0.63,9568.0,-119.0,0.73
아남전자,130.0268817204301,10.86,7.157500000000001,0.85,1514.0,69.0,1.08
아모레G,131.9246484194907,9.66,5.824999999999999,0.74,37545.0,275.0,0.51
아모레G3우(전환),131.9246484194907,9.66,5.824999999999999,0.74,37545.0,275.0,0.51
아모레G우,131.9246484194907,9.66,5.824999999999999,0.74,37545.0,275.0,0.51
아모레퍼시픽,189.095876865352,14.77,8.5375,1.91,77136.0,545.0,0.46
아모레퍼시픽우,189.095876865352,14.77,8.5375,1.91,77136.0,545.0,0.46
아세아,-10.05884913110487,6.6,8.727500000000001,0.38,676597.0,6500.0,0.61
아세아시멘트,7.884857322582488,4.35,9.6925,0.37,29020.0,427.0,0.37
아세아제지,-27.745469953925284,7.72,7.925000000000001,0.38,21138.0,139.0,0.27
아센디오,61.87527162103434,,-86.905,2.24,260.0,-12.0,1.46
아시아나IDT,61.33695445831409,18.55,6.39,1.1,15093.0,265.0,0.71
아시아나항공,11.984570634977956,7.97,3.6025,1.36,6977.0,2377.0,0.3
아이마켓코리아,-10.035738944857671,10.65,5.8075,0.76,11103.0,165.0,0.13
아이에스동서,10.361998407741572,65.59,4.525,0.43,51745.0,-153.0,1.48
아주스틸,192.40969250564785,-1.8,-20.932499999999997,0.89,5933.0,-1722.0,0.61
아진전자부품,-7.5,,0.86,1.89,576.0,15.0,0.61
알루코,352.8882453882454,15.64,6.9275,0.82,2985.0,-1.0,0.67
애경산업,7.535226846014896,12.4,11.9875,1.19,15664.0,216.0,0.15
애경케미칼,-18.259196378041867,241.08,2.12,0.77,15022.0,-26.0,1.57
에넥스,55.05363036303631,-4.24,-32.7275,0.84,711.0,-5.0,0.03
에스디바이오센서,142.2371119539261,-18.08,-8.5675,0.39,23731.0,523.0,0.3
에스엘,-1.8326966178587607,4.43,18.8675,0.75,47574.0,1210.0,1.37
에스엠벡셀,5.479452054794521,-18.4,-8.735,2.06,599.0,-3.0,0.38
에스원,0.7247156143209305,11.44,12.0375,1.22,48642.0,1430.0,0.84
에쓰씨엔지니어링,91.1027055763898,36.91,-4.385,1.63,1330.0,85.0,-0.08
에어부산,93.44538502433238,2.37,61.8425,1.39,1736.0,437.0,0.37
에이리츠,,,,,,,-0.04
에이블씨엔씨,335.1511233409586,16.86,8.6075,2.19,3539.0,151.0,0.28
에이엔피,-209.26913956639564,-4.85,-28.66,1.32,550.0,-58.0,0.98
에이프로젠,134.58694083694084,-7.84,-33.535000000000004,2.65,461.0,-95.0,1.9
에이프로젠바이오로직스,,,,,,,
에이플러스에셋,167.22759363898015,-51.19,6.575,0.66,6379.0,-626.0,0.46
에이피알,-12.741819342878722,22.58,43.44,7.18,7562.0,420.0,0.69
에코프로머티,961.3472706155634,-278.99,-2.355,12.78,10556.0,-402.0,2.02
엔씨소프트,5.298364493675962,33.12,5.4075,1.21,157359.0,-1207.0,0.92
엔케이,-147.36759706566468,1.33,38.2625,0.37,2154.0,-25.0,0.4
엘브이엠씨홀딩스,-306.43130815544606,-24.63,-6.515000000000001,0.99,2394.0,-47.0,-0.03
엘앤에프,-30.50846421079035,-7.54,-32.144999999999996,4.57,24858.0,-2097.0,1.61
엠씨넥스,26.98466954965056,7.69,12.005,0.93,19839.0,139.0,1.17
영보화학,6.0458378737948655,3.75,7.654999999999999,0.38,9023.0,184.0,0.41
영원무역,28.869004931522262,4.25,14.895,0.51,78841.0,2019.0,1.04
영원무역홀딩스,-0.3577037883992109,3.7,15.502499999999998,0.43,211716.0,3834.0,0.95
영진약품,85.10101010101012,416.42,-0.5275000000000001,4.68,503.0,-2.0,0.65
영풍,276.45342989075704,-10.05,-1.3925,0.16,2248350.0,14383.0,0.99
영풍제지,-5.887179706044942,-3.78,-8.594999999999999,0.58,2450.0,-91.0,0.67
영화금속,2.31662152844419,5.05,11.795,0.56,1402.0,44.0,0.15
영흥,-1027.1825396825398,-17.89,-1.6625,0.17,2818.0,-31.0,0.54
예스코홀딩스,42.86461247258341,18.1,3.0925,0.4,113432.0,1321.0,0.29
오뚜기,29.14291320433347,10.92,8.49,0.72,591350.0,10952.0,0.7
오리엔트바이오,1434.833050367855,16.49,7.2775,0.71,656.0,-9.0,0.69
오리온,-1.7553351510732635,10.05,13.614999999999998,1.23,79440.0,2521.0,0.7
오리온홀딩스,15.757993083588309,8.48,4.7525,0.42,37626.0,408.0,0.52
온타이드,34.76593825180433,-3.35,-11.215,0.34,1427.0,17.0,0.35
와이투솔루션,47.36241544426853,14.59,5.932499999999999,1.01,2978.0,-24.0,0.77
우리금융지주,376.7766116118081,4.25,8.25,0.34,45456.0,1218.0,0.73
우성,673.1667483146757,4.0,5.782500000000001,0.23,71844.0,1578.0,0.52
우신시스템,110.84708335629124,8.86,9.0325,0.87,7328.0,539.0,0.94
우진,248.31528289952624,15.53,6.8475,0.88,8885.0,23.0,0.79
우진아이엔에스,-220.28960622710625,-4.85,-1.485,0.26,13358.0,-40.0,0.55
우진플라임,-450.8367993662111,-16.59,1.025,0.45,5117.0,-98.0,0.55
웅진,65.48490974904058,-7.0,-15.5025,0.95,1000.0,81.0,0.67
웅진씽크빅,12.006852804493162,-6.22,-9.5425,0.63,2784.0,14.0,0.61
원림,-70.4298982750995,6.37,5.970000000000001,0.27,59434.0,-54.0,0.5
웰바이오텍,11.417594750928082,-0.66,-172.2025,1.75,312.0,-60.0,-0.42
윌비스,52.497870230269434,-2.06,-13.4375,0.3,1498.0,-83.0,0.46
유나이티드제약,230.45190424533527,16.26,10.4675,0.77,26635.0,322.0,0.69
유니드,19.794530380362456,6.41,5.295,0.53,147477.0,2931.0,0.86
유니드비티플러스,174.9141836567542,8.01,1.94,0.24,19208.0,145.0,0.88
유니온,-294.70453704637947,-3.21,-7.675000000000001,0.59,7065.0,-695.0,-0.14
유니온머티리얼,-988.6665152633472,-3.82,-29.8375,1.64,1296.0,-116.0,0.11
유니켐,116.37426900584792,-19.32,-3.3825,0.96,1410.0,-22.0,1.03
유니퀘스트,77.86041497304217,8.42,5.927499999999999,0.46,10569.0,221.0,1.19
유성기업,-87.80801731299374,-3.48,-0.5125000000000001,0.19,11280.0,-155.0,0.41
유수홀딩스,96.33272935342364,15.17,2.9524999999999997,0.38,13305.0,103.0,0.27
유안타증권,74.963736165427,7.82,4.6275,0.37,7810.0,98.0,0.7
유안타증권우,74.963736165427,7.82,4.6275,0.37,7810.0,98.0,0.7
유엔젤,350.89014110317027,15.54,4.095,0.88,4714.0,83.0,0.18
유유제약,216.63179413179412,10.79,0.3150000000000001,0.71,6480.0,155.0,0.34
유유제약1우,216.63179413179412,10.79,0.3150000000000001,0.71,6480.0,155.0,0.34
유유제약2우B,216.63179413179412,10.79,0.3150000000000001,0.71,6480.0,155.0,0.34
유진투자증권,59.25390901916723,8.6,3.35,0.38,11387.0,74.0,1.15
유한양행,28.048089646012865,69.17,7.1850000000000005,5.05,28263.0,460.0,1.31
유한양행우,28.048089646012865,69.17,7.1850000000000005,5.05,28263.0,460.0,1.31
유화증권,25.042849548112702,7.11,2.935,0.27,8428.0,68.0,0.42
유화증권우,25.042849548112702,7.11,2.935,0.27,8428.0,68.0,0.42
율촌화학,-108.17678215734922,93.99,-0.21,1.78,12786.0,-235.0,2.08
이건산업,11.416241137603365,-30.29,-2.5174999999999996,0.27,18844.0,13.0,0.24
이구산업,351.941476360081,10.65,5.165,1.19,4134.0,179.0,0.52
이노션,33.17392721022178,8.53,11.1275,0.81,23763.0,683.0,0.37
이리츠코크렙,,,,,,,0.16
이마트,-99.53993262977626,-31.71,-0.78,0.15,399779.0,4326.0,0.72
이수스페셜티케미컬,676.766886803383,-1022.99,-2.31,12.95,3969.0,46.0,1.69
이수페타시스,34.99076055229273,37.08,20.35,7.44,4911.0,230.0,2.37
이수화학,1.022605944786245,-3.16,-21.095,1.56,5675.0,-1185.0,1.28
이스타코,11.530082118317411,-5.44,-8.98,0.61,1004.0,-34.0,0.14
이아이디,-38.80952380952381,-9.27,-32.675,1.72,808.0,-4.0,0.0
이엔플러스,-28.77881958599447,138.72,-36.1175,2.14,781.0,-108.0,1.81
이연제약,74.23080762703404,419.25,0.605,1.03,13489.0,33.0,0.87
이월드,189.07563025210084,-15.09,-5.0200000000000005,1.05,1619.0,-36.0,0.02
이지스레지던스리츠,,,,,,,0.29
이지스밸류리츠,,,,,,,0.1
이화산업,23.896120753597387,-81.86,-0.885,0.26,48382.0,-183.0,0.73
인디에프,-110.58249721293198,-1107.63,0.0099999999999999,1.47,443.0,-60.0,-0.57
인바이오젠,514.9716448175151,123.4,7.197500000000001,0.62,15012.0,-434.0,0.0
인스코비,98.81104641264004,-5.99,-66.815,2.86,418.0,172.0,0.35
인지컨트롤스,88.32559213607955,7.48,7.342500000000001,0.41,14919.0,14.0,1.02
인천도시가스,-52.59261510451277,5.17,9.48,0.49,52734.0,179.0,0.07
인터지스,101.64980749119523,6.31,4.17,0.23,9648.0,172.0,0.42
인팩,-14.846064678564398,9.03,8.4975,0.63,12564.0,-17.0,0.88
일동제약,90.7786302926968,-36.44,-30.3375,2.47,5617.0,-285.0,0.9
일동홀딩스,-343.15019754878244,-3.93,-213.5425,1.55,5266.0,-648.0,0.78
일성건설,-112.80030030030032,29.56,3.0975,0.58,2296.0,-27.0,-0.76
일성아이에스,741.6833472920157,-7.08,-7.8375,0.3,55907.0,723.0,0.88
일신방직,120.94216632120526,6.56,2.0149999999999997,0.2,41350.0,59.0,0.81
일신석재,-17.096266306792625,58.42,2.4825,1.75,749.0,-16.0,-0.45
일양약품,99.14360331026997,-312.3,-0.6875000000000001,1.04,12614.0,177.0,0.53
일양약품우,99.14360331026997,-312.3,-0.6875000000000001,1.04,12614.0,177.0,0.53
일정실업,109.4041661537948,6.65,13.25,2.82,4838.0,551.0,0.27
일진다이아,16.113975745620454,21.21,2.3525,0.46,28695.0,79.0,1.13
일진디스플,-74.59770114942529,-36.22,-21.195,1.66,613.0,-22.0,0.05
일진전기,85.49285774004103,24.87,9.605,2.14,10350.0,162.0,0.99
일진하이솔루스,42.93040293040294,1610.49,0.0925,2.47,8733.0,-7.0,0.96
일진홀딩스,-8.222904782799475,7.03,6.3525,0.38,10042.0,42.0,0.65
잇츠한불,114.64318579867604,23.09,2.5575,0.57,21384.0,-78.0,0.46
자이에스앤디,351.18261826182624,27.14,4.3825,0.38,11207.0,47.0,0.82
자화전자,-75.05556510686634,16.14,0.99,0.93,18912.0,-9.0,1.14
전방,498.34478617565446,2.22,-1.6525,0.11,174010.0,1738.0,0.73
전진건설로봇,,,,,,,-0.22
제이알글로벌리츠,,,,,,,0.35
제이에스코퍼레이션,760.4058241121061,1.21,25.1575,0.42,34003.0,8186.0,0.2
제이준코스메틱,122.54768448202924,-3.56,-15.77,0.77,7606.0,-930.0,0.6
제일기획,62.52910007694135,11.33,14.965,1.36,13492.0,535.0,0.16
제일약품,254.88410531915713,-6.12,-11.447500000000002,1.29,11577.0,-285.0,0.91
제일연마,-4.200405244942378,13.38,10.1675,0.58,14506.0,108.0,0.26
제일파마홀딩스,-8560.61805145612,-3.42,-9.185,0.42,21332.0,-138.0,0.63
제주은행,56.70776673947251,209.96,0.6925000000000001,0.48,18446.0,99.0,1.47
제주항공,93.72198582478954,6.36,35.9875,1.86,4837.0,627.0,0.14
조광페인트,-17.334320574095102,6.35,6.035,0.37,18017.0,137.0,0.62
조광피혁,62.22647336611228,38.36,2.3249999999999997,0.39,142039.0,114.0,0.01
조비,76.67263219899097,-832.98,-7.482499999999999,1.09,10515.0,-264.0,0.5
조선내화,34.51280360333246,5.91,16.14,0.9,18922.0,649.0,0.94
조선선재,10.791669884381738,10.06,8.5025,0.6,157047.0,2611.0,0.31
조일알미늄,-8.567460317460316,24.82,2.5075000000000003,1.08,1563.0,6.0,0.47
조흥,50.39477114443819,6.28,6.175,0.67,263875.0,10372.0,0.14
종근당,-7.1301693916333875,7.83,26.9275,1.59,70785.0,1658.0,0.6
종근당바이오,32.29673563643863,-259.32,-9.355,1.23,23674.0,52.0,0.75
종근당홀딩스,-8.853198045750068,7.06,8.102500000000001,0.48,122817.0,931.0,0.59
주성코퍼레이션,64.75502481694433,142.58,-2.1199999999999997,8.38,489.0,30.0,0.0
주연테크,349.7596153846154,-6.92,-10.1025,0.58,630.0,-6.0,0.29
지누스,0.0681849072798665,-11.89,-2.835,0.63,28417.0,-132.0,-0.02
지엠비코리아,-51.64574349077176,7.0,4.890000000000001,0.29,13961.0,-172.0,0.59
지역난방공사,6.11769099865964,1.06,20.85,0.25,191408.0,2811.0,0.0
진도,-155.93686513517736,5.9,3.65,0.22,8508.0,-20.0,0.08
진양산업,31.462620740323967,7.75,17.3825,1.39,4803.0,341.0,0.61
진양폴리,-1.9900189968746225,18.32,12.1525,2.08,3259.0,67.0,0.91
진양홀딩스,52.72165603830184,17.12,5.1425,0.5,6395.0,-46.0,0.27
진양화학,12.675846827319477,-13.16,-9.5,1.73,1712.0,-74.0,0.57
진에어,257.49006242680406,3.62,80.75500000000001,2.15,4729.0,805.0,0.18
진원생명과학,-20.467572443096916,-2.85,-54.4175,2.36,1106.0,-132.0,-0.22
진흥기업,-121.0099220304544,60.04,10.84,0.47,1763.0,-18.0,0.32
진흥기업2우B,-121.0099220304544,60.04,10.84,0.47,1763.0,-18.0,0.32
진흥기업우B,-121.0099220304544,60.04,10.84,0.47,1763.0,-18.0,0.32
참엔지니어링,-252.26661444052743,-1.61,-30.4775,0.48,886.0,-119.0,0.31
천일고속,276.1708072673814,-10.58,-25.4225,3.93,10796.0,-1000.0,0.53
청호ICT,-33.71735791090631,47.67,2.965,2.53,983.0,-21.0,0.0
체시스,-66.12396144898638,13.86,19.29,1.23,1074.0,-81.0,0.36
카카오,49.475437680944815,-17.85,-9.5525,1.56,23182.0,239.0,0.4
카카오뱅크,19.289996705172022,23.39,6.4125,1.56,13528.0,260.0,0.78
카카오페이,-152.67925561029008,-166.97,-0.175,1.77,13814.0,-188.0,0.56
카프로,1.8624515409355809,7.99,-612.4975000000001,5.98,612.0,-49.0,-0.01
케이비아이동국실업,-71.48412698412699,5.5,7.2075,0.32,1814.0,-87.0,0.77
케이씨,5624.465756039651,23.0,4.7225,0.32,65358.0,-296.0,0.9
케이씨텍,13.836290474347832,22.73,7.98,1.53,23233.0,341.0,1.17
케이카,46.156462585034014,15.79,14.025,2.71,4769.0,229.0,0.43
케이탑리츠,,,,,,,0.25
코람코더원리츠,,,,,,,0.54
코람코라이프인프라리츠,,,,,,,
코리아써우,-18.40982746826661,-8.15,-7.74,0.68,16012.0,-246.0,1.1
코리아써키트,-18.40982746826661,-8.15,-7.74,0.68,16012.0,-246.0,1.1
코리아써키트2우B,-18.40982746826661,-8.15,-7.74,0.68,16012.0,-246.0,1.1
코리안리,274.89661970153156,5.14,7.754999999999999,0.37,19111.0,528.0,0.22
코스맥스,114.31799815358268,21.06,13.7775,3.74,38993.0,1855.0,0.62
코스맥스비티아이,305.8697827329903,7.88,3.9925,0.35,25089.0,211.0,0.45
코스모신소재,6.32034082738308,156.11,7.3275,8.23,15239.0,235.0,1.11
코스모화학,-20.2243103372326,-30.07,-11.495,3.25,7239.0,-147.0,1.82
코아스,-86.22465765130637,-4.3,-53.642500000000005,4.66,2297.0,-690.0,0.65
코오롱,3722.781149751548,1.01,8.7975,0.15,99281.0,-2874.0,1.1
코오롱ENP,11.180738544868978,5.38,13.1575,0.76,8107.0,362.0,0.86
코오롱글로벌,41.42887311775447,-1.46,-10.89,0.4,23482.0,-2773.0,0.51
코오롱글로벌우,41.42887311775447,-1.46,-10.89,0.4,23482.0,-2773.0,0.51
코오롱모빌리티그룹,-75.5937475391763,5864.51,0.4933333333333334,0.83,2889.0,-10.0,1.32
코오롱모빌리티그룹우,-75.5937475391763,5864.51,0.4933333333333334,0.83,2889.0,-10.0,1.32
코오롱우,3722.781149751548,1.01,8.7975,0.15,99281.0,-2874.0,1.1
코오롱인더,100.5819945332329,26.76,1.43,0.35,103433.0,-309.0,0.93
코오롱인더우,100.5819945332329,26.76,1.43,0.35,103433.0,-309.0,0.93
코웨이,20.875370631539756,8.74,19.3825,1.56,42760.0,2432.0,0.56
콘텐트리중앙,-19.763536497143004,-1.58,-155.1525,70.7,147.0,-1168.0,0.76
콜마홀딩스,45.63992186717805,-680.06,-0.28,0.44,17557.0,93.0,0.16
콤텍시스템,61.66762869286875,4.36,7.24,0.4,1429.0,37.0,0.35
쿠쿠홀딩스,-13.405408819028438,6.42,12.04,0.62,36792.0,656.0,0.18
쿠쿠홈시스,-11.788532896412564,4.05,14.822500000000002,0.57,40390.0,932.0,0.69
크라운제과,-8.67190286997702,5.49,11.2375,0.51,16996.0,282.0,0.64
크라운제과우,-8.67190286997702,5.49,11.2375,0.51,16996.0,282.0,0.64
크라운해태홀딩스,11.857032172017568,4.13,7.31,0.27,22213.0,260.0,0.82
크라운해태홀딩스우,11.857032172017568,4.13,7.31,0.27,22213.0,260.0,0.82
크래프톤,921.638907032207,20.61,13.0475,2.49,137657.0,2549.0,0.7
키다리스튜디오,-40.60253530166881,-4.5,-14.2175,0.67,5573.0,-5.0,0.3
키움증권,72.15161558789316,7.49,9.0925,0.64,204192.0,7470.0,1.15
태경비케이,14.924087743849151,4.8,12.555,0.58,7622.0,251.0,0.85
태경산업,203.97271531886915,7.87,5.545,0.49,10641.0,226.0,0.52
태경케미컬,13.867468682544413,8.88,9.845,0.73,14500.0,299.0,0.95
태광산업,37.86701875426497,19.38,0.2174999999999999,0.14,4536688.0,11443.0,1.23
태림포장,-79.50819672131148,-11.44,-0.925,0.48,4727.0,-114.0,0.37
태양금속,-97.59332454984629,-26.59,0.4599999999999999,1.1,2803.0,-54.0,0.19
태양금속우,-97.59332454984629,-26.59,0.4599999999999999,1.1,2803.0,-54.0,0.19
태영건설,18.64488341594651,-0.27,-572.7900000000001,2.33,1987.0,47.0,0.12
태영건설우,18.64488341594651,-0.27,-572.7900000000001,2.33,1987.0,47.0,0.12
태원물산,7257.375454470799,1.62,33.8525,0.59,6147.0,37.0,0.35
테이팩스,297.12749216262097,29.07,3.39,0.57,32160.0,303.0,1.61
텔코웨어,-46.040640803043686,86.96,3.0175,0.48,19997.0,2.0,0.32
토니모리,2189.444228778468,40.37,4.8975,2.41,4205.0,27.0,0.53
티에이치엔,94.98614236483272,2.15,25.8475,0.44,7728.0,479.0,0.69
티와이홀딩스,14.541642639454643,-0.27,-58.4825,0.16,22882.0,353.0,0.51
티와이홀딩스우,14.541642639454643,-0.27,-58.4825,0.16,22882.0,353.0,0.51
티웨이항공,-56.55673986961123,13.47,58.697500000000005,3.89,789.0,-10.0,0.03
티웨이홀딩스,-36.086096817228885,-32.27,1.985,0.36,1479.0,-19.0,0.62
파라다이스,103.11264297530047,26.88,4.470000000000001,0.72,16771.0,107.0,0.4
파미셀,6.785310485588013,95.21,3.8075,3.93,1376.0,12.0,1.52
팜스코,130.69288971685373,-10.3,-16.95,0.37,6542.0,1144.0,1.26
팜젠사이언스,59.32013224955538,-71.87,1.2725000000000002,0.39,12699.0,-215.0,0.64
팬오션,130.19443224642805,6.75,4.9625,0.42,9483.0,245.0,0.79
퍼스텍,172.07875457875457,17.62,9.3975,2.33,1231.0,47.0,-0.1
퍼시스,-17.601736012621434,9.08,12.3425,0.68,62794.0,419.0,0.6
페이퍼코리아,300.2415458937198,136.84,6.427499999999999,0.43,1660.0,-19.0,-0.22
평화산업,44.23280423280425,50.34,8.8575,1.23,825.0,-12.0,0.62
평화홀딩스,3.1597402721265646,-4.74,0.1524999999999998,0.4,7075.0,285.0,0.3
포스코DX,33.12973092607183,58.48,19.2275,9.17,3326.0,142.0,2.08
포스코스틸리온,40.43445788804311,8.88,7.9225,0.65,62282.0,781.0,1.33
포스코인터내셔널,63.24741514319354,14.89,11.400000000000002,1.48,38573.0,1358.0,1.98
포스코퓨처엠,64.57124704420673,-906.61,0.5674999999999999,8.34,29977.0,32.0,1.7
풀무원,96.1373816212526,17.15,6.175,1.4,7883.0,380.0,0.3
풍산,48.25752678162553,7.39,9.24,0.78,78581.0,1699.0,0.81
풍산홀딩스,40.063354326924234,3.47,9.0825,0.35,77634.0,1500.0,0.91
프레스티지바이오파마,139.62664277180403,-30.57,-7.9925,2.38,6296.0,-96.0,0.3
플레이그램,21.86196213961018,-1.27,-54.39,0.84,415.0,-14.0,0.78
하나금융지주,48.59198466916097,4.68,8.86,0.4,147792.0,3989.0,1.33
하나제약,-15.97153550718808,10.44,7.819999999999999,0.71,16239.0,166.0,0.33
하나투어,21.24665365275543,15.41,39.6425,5.81,8693.0,710.0,0.79
하이브,19.49144220613596,-372.64,3.685,2.39,70695.0,153.0,0.05
하이스틸,-360.17422748191984,-17.21,-0.5549999999999999,0.48,7169.0,-47.0,0.9
하이트론,27.95624361662097,-9.38,-156.2125,68.84,58.0,-142.0,0.85
하이트진로,247.3731884057971,13.26,6.0775,1.23,16499.0,615.0,0.31
하이트진로2우B,247.3731884057971,13.26,6.0775,1.23,16499.0,615.0,0.31
하이트진로홀딩스,116.02729806317905,5.73,3.0725,0.36,25929.0,696.0,0.46
하이트진로홀딩스우,116.02729806317905,5.73,3.0725,0.36,25929.0,696.0,0.46
한국ANKOR유전,,,,,,,-0.07
한국가스공사,28.377672323141116,27.86,-3.1399999999999997,0.39,120190.0,1680.0,2.21
한국공항,36.12598455555625,3.82,11.985,0.42,125784.0,4194.0,0.74
한국금융지주,464.44055632876626,4.98,9.355,0.46,159079.0,5077.0,1.12
한국금융지주우,464.44055632876626,4.98,9.355,0.46,159079.0,5077.0,1.12
한국내화,116.44731865970802,-5.58,-7.315,0.44,5258.0,16.0,0.51
한국단자,82.59774649624646,5.83,10.53,0.69,101027.0,3241.0,0.87
한국무브넥스,107.33168940992904,3.14,13.725,0.33,11786.0,221.0,1.1
한국석유,93.92441440138808,14.12,8.45,1.19,15456.0,454.0,-0.28
한국수출포장,-22.23189689098781,11.02,5.43,0.32,7999.0,-39.0,0.38
한국쉘석유,22.609865687354915,10.73,33.5775,3.34,94682.0,7965.0,0.22
한국앤컴퍼니,107.79439338487492,4.38,7.16,0.37,45680.0,1271.0,0.74
한국자산신탁,-45.41319762876649,6.85,8.675,0.35,8507.0,11.0,0.42
한국전력,869.8636737780921,3.56,1.7374999999999998,0.35,59563.0,2881.0,0.25
한국전자홀딩스,36.853574721314224,58.53,-1.1925,0.24,3201.0,28.0,0.29
한국제지,18.991228070175435,-74.89,-0.6,0.45,2368.0,9.0,0.49
한국종합기술,-59.040941236529214,4.33,8.073333333333334,0.31,14974.0,-25.0,0.64
한국주강,62.831541218637994,46.42,5.7275,0.67,2962.0,-31.0,0.43
한국주철관,-11.057128227635138,8.76,4.8575,0.4,16261.0,143.0,0.28
한국철강,1.2177681473456137,17.08,5.5525,0.35,23978.0,124.0,0.62
한국카본,-29.34131736526946,156.58,-1.835,1.13,9554.0,236.0,0.54
한국콜마,166.67583935334662,179.63,0.9325,2.28,32670.0,651.0,-0.08
한국타이어앤테크놀로지,,,,,,,
한국토지신탁,8.22784810126582,-36.52,-0.985,0.23,4475.0,13.0,0.39
한국특강,-45.59989164296356,38.49,7.092499999999999,0.41,3664.0,-19.0,0.27
한국패러랠,,,,,,,-0.48
한국항공우주,0.9076593802084622,17.53,16.48,2.97,17530.0,701.0,0.0
한국화장품,804.3331403204014,51.4,13.795,4.34,1773.0,16.0,0.22
한국화장품제조,232.52696620959713,18.05,21.395,3.88,19511.0,1615.0,0.04
한농화성,-24.143727758185587,59.41,4.8950000000000005,1.87,10695.0,-83.0,1.58
한독,105.49202981586464,-5.5,-8.8925,0.59,23145.0,-290.0,0.77
한미글로벌,2294.6086485369756,12.48,7.3625,0.77,19147.0,328.0,0.87
한미반도체,96.35172100581376,57.98,38.1975,18.81,5759.0,396.0,1.78
한미사이언스,-18.556882537490157,21.03,14.5975,2.57,12411.0,260.0,0.76
한미약품,3.3656580773722298,25.64,16.7025,3.78,85111.0,2420.0,0.6
한샘,252.6470122806033,10.95,3.747500000000001,2.03,27795.0,3954.0,0.8
한섬,8.669914741534336,7.19,4.6925,0.26,64847.0,212.0,0.8
한성기업,602.2771233541177,30.85,3.6375,0.57,9458.0,89.0,0.9
한세실업,26.42611680121634,6.75,16.6675,0.89,18028.0,892.0,0.48
한세엠케이,75.82679031831765,-2.0,-18.2,0.69,2493.0,-329.0,-0.08
한세예스24홀딩스,-33.53501599987751,4.84,11.0625,0.34,13169.0,105.0,0.76
한솔PNS,517.2268907563025,-15.6,-6.659999999999999,0.49,2125.0,58.0,0.22
한솔로지스틱스,284.1346153846154,6.13,13.31,0.53,4636.0,109.0,0.05
한솔제지,916.9231420796604,191.98,1.83,0.31,30054.0,-510.0,0.38
한솔케미칼,23.606362608032853,12.9,13.1925,1.55,86563.0,2757.0,1.0
한솔테크닉스,59.80440290785119,14.2,9.0425,0.39,11594.0,125.0,0.71
한솔홀딩스,59.796569619115054,23.58,1.73,0.17,14021.0,5.0,0.73
한솔홈데코,6.430260047281332,-7.87,-7.515000000000001,0.42,1722.0,-3.0,0.44
한신공영,33.37419999595729,1.65,5.3774999999999995,0.1,68327.0,262.0,0.26
한신기계,212.9318394024276,99.75,-0.8899999999999999,1.15,2913.0,115.0,0.95
한양증권,12.734818079501814,4.3,7.78,0.34,38537.0,571.0,0.4
한양증권우,12.734818079501814,4.3,7.78,0.34,38537.0,571.0,0.4
한온시스템,-140.65533980582526,-22.22,-1.585,0.95,4496.0,-40.0,1.05
한올바이오파마,327.94191919191917,-321.93,-0.6024999999999999,11.47,3379.0,4.0,0.99
한익스프레스,-305.8398910229489,-2.25,-21.445,0.59,6491.0,-101.0,0.68
한일시멘트,7.4598849167556365,4.45,12.7725,0.56,24734.0,716.0,0.38
한일철강,162.6398597728656,-10.78,-1.955,0.3,6790.0,-30.0,0.74
한일현대시멘트,52.01776802712401,4.32,11.9325,0.62,22085.0,1026.0,0.45
한일홀딩스,49.367424064366325,3.43,7.7875,0.26,52848.0,990.0,0.5
한전KPS,-3.959698835916368,10.35,13.78,1.46,28770.0,753.0,0.12
한전기술,17.437521822060898,64.85,6.525,4.62,14480.0,176.0,0.65
한전산업,76.5461525442917,31.78,16.555,3.83,3451.0,27.0,-0.09
한진,62.10389991921486,11.97,1.7675,0.2,97696.0,461.0,1.11
한진중공업홀딩스,167.2560903647386,3.64,5.8975,0.26,13726.0,92.0,0.4
한진칼,129.9068078928506,12.31,16.0275,1.75,47040.0,2687.0,1.01
한진칼우,129.9068078928506,12.31,16.0275,1.75,47040.0,2687.0,1.01
한창,-57.62851067463467,-4.29,-99.7525,9.51,132.0,-76.0,0.13
한창제지,-32.407407407407405,42531.17,-8.92,0.54,1513.0,-16.0,0.7
한컴라이프케어,406.2808311325926,16.3,3.115,0.79,4782.0,-2.0,-1.2
한화,160.3639991150237,-44.71,-0.7775,0.27,105567.0,2837.0,1.08
한화3우B,160.3639991150237,-44.71,-0.7775,0.27,105567.0,2837.0,1.08
한화갤러리아,251.28679962013297,-8.62,-3.3333333333333335,0.33,4194.0,-35.0,1.25
한화갤러리아우,251.28679962013297,-8.62,-3.3333333333333335,0.33,4194.0,-35.0,1.25
한화리츠,,,,,,,0.23
한화생명,1037.2725310942833,4.25,4.409999999999999,0.19,15132.0,27.0,1.64
한화손해보험,243.87150596181425,2.3,9.21,0.27,18624.0,563.0,1.13
한화솔루션,8.401580892479215,-2.88,-11.0075,0.5,51608.0,-2296.0,1.11
한화솔루션우,8.401580892479215,-2.88,-11.0075,0.5,51608.0,-2296.0,1.11
한화시스템,-31.102474168167593,25.36,10.1275,1.53,11672.0,50.0,-0.15
한화에어로스페이스,412.45098571531383,24.33,16.122500000000002,4.44,66820.0,6486.0,-0.29
한화엔진,133.1483127632985,29.68,5.825,3.19,4226.0,127.0,-0.05
한화오션,-22.19441276946053,38.2,10.675,2.24,13629.0,-244.0,0.22
한화우,160.3639991150237,-44.71,-0.7775,0.27,105567.0,2837.0,1.08
한화인더스트리얼솔루션즈,,,,,,,
한화투자증권,224.4990738328847,15.37,2.21,0.44,7591.0,15.0,0.49
한화투자증권우,224.4990738328847,15.37,2.21,0.44,7591.0,15.0,0.49
해성디에스,6.734130075539052,8.76,14.3225,0.91,32145.0,351.0,1.52
해태제과식품,9.657688775858398,5.52,10.2725,0.54,10816.0,235.0,0.85
핸즈코퍼레이션,11.733834970290587,-0.63,-24.8375,0.21,10203.0,-531.0,0.33
현대건설,12.757892432185164,7.95,6.3725000000000005,0.41,75049.0,449.0,0.34
현대건설우,12.757892432185164,7.95,6.3725000000000005,0.41,75049.0,449.0,0.34
현대그린푸드,109.01823140069324,6.22,9.003333333333334,0.58,20476.0,884.0,0.33
현대글로비스,16.056224466238458,7.36,14.6975,1.07,113674.0,5096.0,1.33
현대로템,34.25444691855923,18.95,13.4575,3.04,17653.0,954.0,0.43
현대리바트,37.47449494014182,-11.29,-5.3475,0.39,20734.0,206.0,0.51
현대모비스,13.692162237305531,5.93,8.52,0.45,478825.0,9889.0,0.93
현대백화점,-21.877975251883473,-4.33,-3.55,0.24,200964.0,907.0,0.86
현대비앤지스틸,349.96764420961205,10.69,-0.6674999999999998,0.43,33750.0,257.0,0.65
현대약품,90.93514328808446,311.45,4.0875,1.46,3153.0,-15.0,-0.06
현대엘리베이,147.00225541539297,26.71,10.8425,1.4,32515.0,1569.0,0.39
현대오토에버,21.49578735511258,27.89,9.115,2.57,60726.0,1592.0,1.1
현대위아,-42.26373572845494,12.22,3.425,0.4,130304.0,-451.0,1.41
현대제철,42.59047511074041,-19.29,0.6525000000000001,0.19,143772.0,-132.0,1.12
현대지에프홀딩스,186.9099614393283,1.04,48.19,0.22,20774.0,152.0,0.88
현대차,15.342110316044009,5.34,13.294999999999998,0.64,382225.0,11221.0,1.35
현대차2우B,15.342110316044009,5.34,13.294999999999998,0.64,382225.0,11221.0,1.35
현대차3우B,15.342110316044009,5.34,13.294999999999998,0.64,382225.0,11221.0,1.35
현대차우,15.342110316044009,5.34,13.294999999999998,0.64,382225.0,11221.0,1.35
현대차증권,703.2260836064103,9.45,3.345,0.26,33530.0,275.0,0.56
현대코퍼레이션,90.92303820433746,2.15,17.4825,0.33,57620.0,3001.0,0.85
현대코퍼레이션홀딩스,108.5654466551128,2.54,12.135,0.31,33905.0,1305.0,0.37
현대퓨처넷,54.23520923520923,-85.88,-0.66,0.67,6727.0,29.0,-0.11
현대해상,245.1014364582836,3.36,12.5475,0.49,67702.0,2375.0,1.01
현대홈쇼핑,10664.003139830284,3.71,7.192500000000001,0.25,189973.0,1827.0,0.53
형지엘리트,586.4474885844749,9.54,6.255,0.83,2376.0,37.0,1.48
혜인,121.62232148637275,9.11,7.010000000000001,0.46,10844.0,126.0,0.38
호전실업,175.82132564841496,7.72,8.5075,0.39,18646.0,1105.0,-0.18
호텔신라,511.4732878676957,-56.52,3.2,2.93,16318.0,-583.0,0.6
호텔신라우,511.4732878676957,-56.52,3.2,2.93,16318.0,-583.0,0.6
화승알앤에이,13.70640666449782,3.48,23.005000000000003,0.58,6796.0,-69.0,1.0
화승엔터프라이즈,151.81403357727078,90.63,-3.1575,1.03,8137.0,131.0,-0.28
화승인더,70.98072481290329,16.88,-2.7025,0.61,6509.0,106.0,0.25
화승코퍼레이션,50.86691086691087,5.19,8.42,0.45,4211.0,-8.0,0.25
화신,772.4756363729715,8.75,14.725,0.66,13744.0,-247.0,1.65
화인베스틸,29.85676332532317,-1.28,-37.43,0.6,1509.0,-247.0,1.06
화천기계,58.81178958498547,15.01,1.9450000000000005,0.46,6418.0,29.0,0.9
화천기공,669.971926324845,10.74,2.215,0.19,156219.0,-282.0,0.64
환인제약,-12.967055376498784,9.08,8.354999999999999,0.55,24507.0,243.0,0.53
황금에스티,33.35867946646389,5.06,5.7725,0.26,21614.0,321.0,0.63
효성,10833.757030674647,3.19,5.126666666666666,0.43,119150.0,19840.0,0.53
효성ITX,-16.13888128270658,12.43,20.045,2.11,6072.0,187.0,0.3
효성중공업,52.380588417157504,20.72,13.24,2.74,127222.0,7927.0,0.18
효성티앤씨,-2.4169415037715183,9.65,9.165,1.0,315933.0,5241.0,0.21
효성화학,-4.747898017189374,-0.6,-729.245,5.58,8599.0,-16140.0,1.12
후성,34.11626982685921,-20.45,-12.95,1.76,3735.0,-8.0,1.07
휠라홀딩스,63.68308485744771,24.74,3.9875,1.24,34149.0,222.0,0.15
휴니드,11628.524251624867,4.88,13.475,0.61,13034.0,300.0,-1.04
휴비스,-5.758896701364532,-0.92,-35.2275,0.45,6725.0,-613.0,0.48
휴스틸,-12.56921602850304,-137.87,4.0175,0.21,19616.0,-59.0,1.04
흥국화재,15.28242437937971,0.68,22.255,0.26,14299.0,1695.0,2.04
흥국화재우,15.28242437937971,0.68,22.255,0.26,14299.0,1695.0,2.04
흥아해운,10.316958324548454,14.94,21.2225,2.99,793.0,41.0,-0.68
